Kd,Ka,dG,ddG,N_acid,Prot,Label,Mutation
0.0008541230889747267,1170.7914385037654,-4.212896497439943,0,,,W,
